date,budgetYear,description,amountUSD,srcOrganization,srcOrganizationTypes,srcLocations,srcUsageYearStart,srcUsageYearEnd,destPlan,destPlanCode,destPlanId,destOrganization,destOrganizationTypes,destGlobalClusters,destLocations,destProject,destProjectCode,destEmergency,destUsageYearStart,destUsageYearEnd,contributionType,flowType,method,boundary,onBoundary,status,firstReportedDate,decisionDate,keywords,originalAmount,originalCurrency,exchangeRate,id,refCode,createdAt,updatedAt
2026-04-17,2026,Voluntary Contribution 2025 Japan,17413885,"Japan, Government of",Governments,JPN,2026,2026,,,,International Organization for Migration,Multilateral Organizations,Multi-sector,"COD,DJI,ETH,FJI,GHA,HTI,IDN,IRQ,KHM,MMR,MOZ,PHL,RWA,SLB,SOM,THA,TUR,UGA,UKR,VEN",,,,2026,2026,financial,Standard,Traditional aid,incoming,shared,paid,2026-04-17,2026-03-03,,2612082750,JPY,150,385854,,2026-04-17,2026-04-17
2026-04-15,2026,"World Food Programme 	Afghanistan, Haiti, Lebanon, Palestine, Yemen, Pakistan, Angola, Burkina Faso, Burundi, Cameroon, CAR, DRC, Djibouti, Kenya, Madagascar, Mali, Nigeria, Rwanda, Somalia, South Sudan, Sudan, Tanzania, Uganda, Zimbabwe, Myanmar, Thailand, Ukraine",67309391,"Japan, Government of",Governments,JPN,2026,2026,,,,World Food Programme,Multilateral Organizations,"Food Security,Logistics,Nutrition","AFG,AGO,BDI,BFA,CAF,CMR,COD,DJI,HTI,KEN,LBN,MDG,MLI,MMR,NGA,PAK,PSE,RWA,SDN,SOM,SSD,THA,TZA,UGA,UKR,YEM,ZWE",,,,2026,2026,financial,Standard,Traditional aid,incoming,shared,paid,2026-04-14,2026-02-19,,10096408650,JPY,150,385472,,2026-04-15,2026-04-15
2026-04-01,2026,Sweden Contribution to OCHA 2026,548636,"Sweden, Government of",Governments,SWE,2026,2026,Haiti Besoins Humanitaires et Plan de Réponse 2026,HHTI26,1503,Office for the Coordination of Humanitarian Affairs,Multilateral Organizations,Coordination and support services,HTI,,,,2026,2026,financial,Standard,Traditional aid,incoming,single,paid,2026-02-25,2026-02-23,,5200000,SEK,9.4781,379678,OCT/SWE/2026/78009/OCHA(OCHA Program)/HTI/85352 16109 Amendment 3,2026-04-03,2026-04-03
2026-03-27,2026,Logistics,1000000,"Japan, Government of",Governments,JPN,2026,2026,Haiti Besoins Humanitaires et Plan de Réponse 2026,HHTI26,1503,World Food Programme,Multilateral Organizations,Logistics,HTI,,,,2026,2026,financial,Standard,Traditional aid,incoming,single,paid,2026-03-27,2026-02-19,,,,,383370,10052593	 No 	 D-4 	 JPN-C-00979-25 	 HT03.05.055.HAS1,2026-03-27,2026-03-27
2026-03-27,2026,"Food Security - Food Assistance
USAID/BHA",496588,"United States of America, Government of",Governments,USA,2026,2026,Haiti Besoins Humanitaires et Plan de Réponse 2026,HHTI26,1503,World Food Programme,Multilateral Organizations,Food Security,HTI,,,,2026,2026,in kind,Standard,Traditional aid,incoming,single,paid,2026-03-27,2026-02-24,"USAID/BHA,Food Assistance",,,,383371,10052573	 No 	 720BHA25IO00044 	 USA-C-02348-07 	 HT03.DS,2026-03-27,2026-03-27
2026-03-27,2026,"Food Security - Food Assistance
USAID/BHA",7439370,"United States of America, Government of",Governments,USA,2026,2026,Haiti Besoins Humanitaires et Plan de Réponse 2026,HHTI26,1503,World Food Programme,Multilateral Organizations,Food Security,HTI,,,,2026,2026,in kind,Standard,Traditional aid,incoming,single,paid,2026-03-27,2026-02-24,"USAID/BHA,Food Assistance",,,,383372,10052573	 No 	 720BHA25IO00044 	 USA-C-02348-07 	 HT03.01.011.URT1,2026-03-27,2026-03-27
2026-03-27,2026,Food Security - Food Assistance,1000000,"Switzerland, Government of",Governments,CHE,2026,2026,Haiti Besoins Humanitaires et Plan de Réponse 2026,HHTI26,1503,World Food Programme,Multilateral Organizations,Food Security,HTI,,,,2026,2026,financial,Standard,Traditional aid,incoming,single,paid,2026-03-27,2026-02-16,,800000,CHF,0.8,383373,70003332	 No 	 81081823 HAITI PROMES II 	 SWI-C-00940-07 	 HT03,2026-03-27,2026-03-27
2026-03-27,2026,Food Security - Food Assistance,63239,Private (individuals & organizations),Private Organizations,,2026,2026,Haiti Besoins Humanitaires et Plan de Réponse 2026,HHTI26,1503,World Food Programme,Multilateral Organizations,Food Security,HTI,,,,2026,2026,financial,Standard,Traditional aid,incoming,single,paid,2026-03-27,2026-01-01,,,,,383375,10052587	 No 	 ALLOCATION FILE 	 WPD-C-07254-05 	 HT03,2026-03-27,2026-03-27
2026-03-27,2026,"Canada Contribution to Haiti - Regional HF for Latin America, Caribbean (H_RHPF_LAC) 2026",625000,"Canada, Government of",Governments,CAN,2026,2026,Haiti Besoins Humanitaires et Plan de Réponse 2026,HHTI26,1503,Haiti Humanitarian Fund,Pooled Funds,,HTI,,,,2026,2026,financial,Standard,Traditional aid,incoming,single,commitment,2026-03-31,2026-03-27,,850000,CAD,1.36,383527,OCT/CAN/2026/78042/OCHA(CBPF-OCHA)/HTI/85433 Project no.: P015704 Arrangement no.: 7467454,2026-04-02,2026-04-02
2026-03-27,2026,Canada Contribution to OCHA 2026,110294,"Canada, Government of",Governments,CAN,2026,2026,Haiti Besoins Humanitaires et Plan de Réponse 2026,HHTI26,1503,Office for the Coordination of Humanitarian Affairs,Multilateral Organizations,Coordination and support services,HTI,,,,2026,2026,financial,Standard,Traditional aid,incoming,single,commitment,2026-04-01,2026-03-12,,150000,CAD,1.36,383610,OCT/CAN/2026/78043/OCHA(OCHA Program)/HTI/85456 Project no.: P015707 Arrangement no.: 7467280,2026-04-02,2026-04-02
2026-03-25,2025,"Contribuer à la réduction de la morbi-mortalité des populations déportées, déplacées et hôtes  affectées par les crises dans le département du Sud Est.",486925,European Commission's Humanitarian Aid and Civil Protection Department,Multilateral Organizations,,2025,2025,Haiti Besoins Humanitaires et Plan de Réponse 2026,HHTI26,1503,Alliance for International Medical Action,NGOs,Health,HTI,,,,2026,2026,financial,Standard,Traditional aid,incoming,single,commitment,2026-03-10,2025-08-12,,424599,EUR,0.872,353722,ECHO/-AM/BUD/2025/91014,2026-03-25,2026-03-26
2026-03-25,2025,"Contribuer à la réduction de la morbi-mortalité des populations déportées, déplacées et hôtes  affectées par les crises dans le département du Sud Est.",8743,European Commission's Humanitarian Aid and Civil Protection Department,Multilateral Organizations,,2025,2025,Haiti Besoins Humanitaires et Plan de Réponse 2026,HHTI26,1503,Alliance for International Medical Action,NGOs,,HTI,,,,2026,2026,financial,Standard,Traditional aid,incoming,single,commitment,2026-03-10,2025-08-12,,7624,EUR,0.872,353723,ECHO/-AM/BUD/2025/91014,2026-03-25,2026-03-26
2026-03-25,2025,"Contribuer à la réduction de la morbi-mortalité des populations déportées, déplacées et hôtes  affectées par les crises dans le département du Sud Est.",86061,European Commission's Humanitarian Aid and Civil Protection Department,Multilateral Organizations,,2025,2025,Haiti Besoins Humanitaires et Plan de Réponse 2026,HHTI26,1503,Alliance for International Medical Action,NGOs,Nutrition,HTI,,,,2026,2026,financial,Standard,Traditional aid,incoming,single,commitment,2026-03-10,2025-08-12,,75045,EUR,0.872,353724,ECHO/-AM/BUD/2025/91014,2026-03-25,2026-03-26
2026-03-25,2024,Integrated nutrition and protection emergency response to improve the conditions of vulnerable households in Artibonite and within Port au Prince,21081,European Commission's Humanitarian Aid and Civil Protection Department,Multilateral Organizations,,2024,2024,Haiti Besoins Humanitaires et Plan de Réponse 2026,HHTI26,1503,Acción Contra el Hambre - Spain,NGOs,Nutrition,HTI,,,,2026,2026,financial,Standard,Traditional aid,incoming,single,commitment,2026-03-17,2024-10-30,,19268,EUR,0.914,368924,ECHO/-AM/BUD/2024/91034,2026-03-25,2026-03-26
2026-03-25,2024,Integrated nutrition and protection emergency response to improve the conditions of vulnerable households in Artibonite and within Port au Prince,245921,European Commission's Humanitarian Aid and Civil Protection Department,Multilateral Organizations,,2024,2024,Haiti Besoins Humanitaires et Plan de Réponse 2026,HHTI26,1503,Acción Contra el Hambre - Spain,NGOs,Nutrition,HTI,,,,2026,2026,financial,Standard,Traditional aid,incoming,single,commitment,2026-03-17,2024-10-30,,224772,EUR,0.914,368925,ECHO/-AM/BUD/2024/91034,2026-03-25,2026-03-26
2026-03-25,2024,Integrated nutrition and protection emergency response to improve the conditions of vulnerable households in Artibonite and within Port au Prince,148456,European Commission's Humanitarian Aid and Civil Protection Department,Multilateral Organizations,,2024,2024,Haiti Besoins Humanitaires et Plan de Réponse 2026,HHTI26,1503,Acción Contra el Hambre - Spain,NGOs,Protection,HTI,,,,2026,2026,financial,Standard,Traditional aid,incoming,single,commitment,2026-03-17,2024-10-30,,135689,EUR,0.914,368927,ECHO/-AM/BUD/2024/91034,2026-03-25,2026-03-26
2026-03-24,2025,HT : GERER-Sud Phase 1 - HT: Phase 1 Gestion dur des ressources,721584,"Switzerland, Government of",Governments,CHE,2026,2026,Haiti Besoins Humanitaires et Plan de Réponse 2026,HHTI26,1503,Swiss Development Cooperation/Swiss Humanitarian Aid,Governments,,HTI,,,,2026,2026,financial,Standard,Traditional aid,incoming,single,commitment,2026-02-11,2025-01-01,,565000,CHF,0.783,377760,7F-11481.01.06,2026-03-24,2026-03-25
2026-03-24,2025,HT : GERER-Sud Phase 1 - HT: Phase 1 Gourvernance des risques,606641,"Switzerland, Government of",Governments,CHE,2026,2026,Haiti Besoins Humanitaires et Plan de Réponse 2026,HHTI26,1503,Swiss Development Cooperation/Swiss Humanitarian Aid,Governments,,HTI,,,,2026,2026,financial,Standard,Traditional aid,incoming,single,commitment,2026-02-11,2025-01-01,,475000,CHF,0.783,377761,7F-11481.01.05,2026-03-24,2026-03-25
2026-03-24,2025,HT : GERER-Sud Phase 1 - HT: Phase 1 Fonctionnement,320307,"Switzerland, Government of",Governments,CHE,2026,2026,Haiti Besoins Humanitaires et Plan de Réponse 2026,HHTI26,1503,Swiss Development Cooperation/Swiss Humanitarian Aid,Governments,,HTI,,,,2026,2026,financial,Standard,Traditional aid,incoming,single,commitment,2026-02-11,2025-01-01,,250800,CHF,0.783,377762,7F-11481.01.03,2026-03-24,2026-03-25
2026-03-24,2025,HT : GERER-Sud Phase 1 - HT: Phase 1 Réponses aux urgences,113027,"Switzerland, Government of",Governments,CHE,2026,2026,Haiti Besoins Humanitaires et Plan de Réponse 2026,HHTI26,1503,Swiss Development Cooperation/Swiss Humanitarian Aid,Governments,,HTI,,,,2026,2026,financial,Standard,Traditional aid,incoming,single,commitment,2026-02-11,2025-01-01,,88500,CHF,0.783,377763,7F-11481.01.04,2026-03-24,2026-03-25
2026-03-24,2025,HT : GERER-Sud Phase 1 - HT: Réponse aux urgences-Post Melissa,206069,"Switzerland, Government of",Governments,CHE,2026,2026,Haiti Besoins Humanitaires et Plan de Réponse 2026,HHTI26,1503,Swiss Development Cooperation/Swiss Humanitarian Aid,Governments,,HTI,,,,2026,2026,financial,Standard,Traditional aid,incoming,single,commitment,2026-02-11,2025-01-01,,161352,CHF,0.783,377764,7F-11481.01.07,2026-03-24,2026-03-25
2026-03-24,2024,Amelioration protection population 1 - Partenaire VBG,370370,"Switzerland, Government of",Governments,CHE,2026,2026,Haiti Besoins Humanitaires et Plan de Réponse 2026,HHTI26,1503,International NGOs (Confidential),NGOs,Protection,HTI,,,,2026,2026,financial,Standard,Traditional aid,incoming,single,commitment,2026-02-11,2024-02-01,,290000,CHF,0.800001,377789,7F-11250.01.04,2026-03-24,2026-03-25
2026-03-24,2024,Amelioration protection population 1 - Backstopping et Capitalisation,76628,"Switzerland, Government of",Governments,CHE,2026,2026,Haiti Besoins Humanitaires et Plan de Réponse 2026,HHTI26,1503,Private (individuals & organizations),Private Organizations,Protection,HTI,,,,2026,2026,financial,Standard,Traditional aid,incoming,single,commitment,2026-02-11,2024-02-01,,60000,CHF,0.8,377808,7F-11250.01.07,2026-03-24,2026-03-25
2026-03-24,2024,"Programme d'Appui à la Promotion et à la - PROMES II, Suivi, évaluation et acompagn",38314,"Switzerland, Government of",Governments,CHE,2026,2026,Haiti Besoins Humanitaires et Plan de Réponse 2026,HHTI26,1503,Private (individuals & organizations),Private Organizations,Protection,HTI,,,,2026,2026,financial,Standard,Traditional aid,incoming,single,commitment,2026-02-11,2024-08-01,,30000,CHF,0.783,377809,7F-10322.02.03,2026-03-24,2026-03-25
2026-03-24,2023,HT: REGLEAU (Prog Renf Ges Locale Eau)_2 - HT: Evaluation_2,22948,"Switzerland, Government of",Governments,CHE,2026,2026,,,,Private (individuals & organizations),Private Organizations,Early Recovery,HTI,,,,2026,2026,financial,Standard,Traditional aid,incoming,single,commitment,2026-02-11,2023-04-01,,17968,CHF,0.783,377810,7F-09609.02.02,2026-03-24,2026-03-25
2026-03-24,2025,HT : GERER-Sud Phase 1 - HT: Phase 1 Gestion dur des ressources,15617,"Switzerland, Government of",Governments,CHE,2026,2026,Haiti Besoins Humanitaires et Plan de Réponse 2026,HHTI26,1503,Swiss Development Cooperation/Swiss Humanitarian Aid,Governments,,HTI,,,,2026,2026,financial,Standard,Traditional aid,incoming,single,paid,2026-03-23,2025-01-01,,12228,CHF,0.782993,382849,7F-11481.01.06,2026-03-24,2026-03-25
2026-03-24,2025,HT : GERER-Sud Phase 1 - HT: Phase 1 Gourvernance des risques,5176,"Switzerland, Government of",Governments,CHE,2026,2026,Haiti Besoins Humanitaires et Plan de Réponse 2026,HHTI26,1503,Swiss Development Cooperation/Swiss Humanitarian Aid,Governments,,HTI,,,,2026,2026,financial,Standard,Traditional aid,incoming,single,paid,2026-03-23,2025-01-01,,4053,CHF,0.783037,382850,7F-11481.01.05,2026-03-24,2026-03-25
2026-03-24,2025,HT : GERER-Sud Phase 1 - HT: Phase 1 Fonctionnement,39428,"Switzerland, Government of",Governments,CHE,2026,2026,Haiti Besoins Humanitaires et Plan de Réponse 2026,HHTI26,1503,Swiss Development Cooperation/Swiss Humanitarian Aid,Governments,,HTI,,,,2026,2026,financial,Standard,Traditional aid,incoming,single,paid,2026-03-23,2025-01-01,,30872,CHF,0.782997,382851,7F-11481.01.03,2026-03-24,2026-03-25
2026-03-24,2025,HT : GERER-Sud Phase 1 - HT: Réponse aux urgences-Post Melissa,18862,"Switzerland, Government of",Governments,CHE,2026,2026,Haiti Besoins Humanitaires et Plan de Réponse 2026,HHTI26,1503,Swiss Development Cooperation/Swiss Humanitarian Aid,Governments,,HTI,,,,2026,2026,financial,Standard,Traditional aid,incoming,single,paid,2026-03-23,2025-01-01,,14769,CHF,0.783003,382852,7F-11481.01.07,2026-03-24,2026-03-25
2026-03-17,2024,Integrated nutrition and protection emergency response to improve the conditions of vulnerable households in Artibonite and within Port au Prince,14025,European Commission's Humanitarian Aid and Civil Protection Department,Multilateral Organizations,,2024,2024,Haiti Besoins Humanitaires et Plan de Réponse 2026,HHTI26,1503,Acción Contra el Hambre - Spain,NGOs,Protection,HTI,,,,2026,2026,financial,Standard,Cash transfer programming (CTP),incoming,single,commitment,2026-03-17,2024-10-30,,12819,EUR,0.914,368926,ECHO/-AM/BUD/2024/91034,2026-03-17,2026-03-17
2026-03-12,2025,"Funding of APP-F, the ""Food Security and Nutrition Analysis Service"" of WFP: Data for Emergency Support",52083,"Germany, Government of",Governments,DEU,2025,2025,Haiti Besoins Humanitaires et Plan de Réponse 2026,HHTI26,1503,World Food Programme,Multilateral Organizations,Food Security,HTI,,,,2026,2026,financial,Standard,Traditional aid,incoming,single,pledge,2026-03-09,2025-01-01,,50000,EUR,0.96,381075,S08-321.50GLOBWFPDATA,2026-03-12,2026-03-12
2026-03-12,2026,ACF - Action contre la faim - Canada	Multi sector - Humanitarian Efforts	In responses to humanitarian needs,679639,"Canada, Government of",Governments,CAN,2026,2026,Haiti Besoins Humanitaires et Plan de Réponse 2026,HHTI26,1503,Action Against Hunger - Canada,NGOs,,HTI,,,,2026,2026,financial,Standard,Traditional aid,incoming,single,paid,2026-03-12,2026-03-12,,950000,CAD,1.3978,381107,P012726,2026-03-12,2026-03-12
2026-03-12,2026,Save the Children   Haiti	2026,128774,"Canada, Government of",Governments,CAN,2026,2026,Haiti Besoins Humanitaires et Plan de Réponse 2026,HHTI26,1503,Save the Children,NGOs,,HTI,,,,2026,2026,financial,Standard,Traditional aid,incoming,single,paid,2026-03-12,2025-03-09,,180000,CAD,1.3978,381202,P015250,2026-03-12,2026-03-12
2026-03-10,2026,"United States Contribution to Haiti - Regional HF for Latin America, Caribbean (H_RHPF_LAC-US) 2026",125000000,"United States of America, Government of",Governments,USA,2026,2026,Haiti Besoins Humanitaires et Plan de Réponse 2026,HHTI26,1503,"Haiti (Latin America, Caribbean HF)",Pooled Funds,,HTI,,,,2026,2026,financial,Standard,Traditional aid,incoming,single,paid,2026-02-24,2026-02-20,,,,,379496,OCT/USA/2026/77991/OCHA(CBPF-OCHA)/HTI/85341 SFEXFA26GR0002 DRC EHF NHF SSH SHF HHF,2026-03-12,2026-03-12
2026-03-05,2025,Part of Memorandum of Understanding contribution for 2026,116959,"Slovenia, Government of",Governments,SVN,2026,2026,,,,International Committee of the Red Cross,Red Cross/Red Crescent Organizations,Multi-sector,HTI,,,,2026,2026,financial,Standard,Traditional aid,incoming,single,paid,2026-03-03,2025-08-28,,100000,EUR,0.855,380613,,2026-03-05,2026-03-05
2026-03-05,2024,Food security in Haiti,0,"Slovenia, Government of",Governments,SVN,2026,2026,,,,World Food Programme,Multilateral Organizations,,HTI,,,,2026,2026,financial,Parked,Traditional aid,incoming,single,paid,2026-03-03,2024-07-24,,0,EUR,0.918,380624,,2026-03-05,2026-03-27
2026-03-05,2024,Food security in Haiti,141612,"Slovenia, Government of",Governments,SVN,2026,2026,Haiti Besoins Humanitaires et Plan de Réponse 2026,HHTI26,1503,World Food Programme,Multilateral Organizations,Food Security,HTI,,,,2026,2026,financial,Standard,Traditional aid,incoming,single,paid,2026-03-27,2024-07-30,,130000,EUR,0.918,383374,10049291	 No 	 SLO 30-07-2024 NV 	 SVN-C-00061-03 	 HT03,2026-03-27,2026-03-27
2026-03-03,2026,"Flyktninghjelpen/NRC in Haiti works to ensure that people affected by displacement and at risk of displacement due to escalating gang violence, fragmented control and checkpoints, and the collapse of basic services have access to timely, quality, inclusive, and relevant humanitarian assistance through a protection-enhancing approach. NRC provides lifesaving and protection-centred assistance through integrated programming. Core sectors include Education, Information, Camp Coordination and Camp Management (CCCM), and Shelter and Settlements. The project design is informed by a gender analysis, and all indicators are disaggregated by sex.",401124,"Norway, Government of",Governments,NOR,2026,2026,Haiti Besoins Humanitaires et Plan de Réponse 2026,HHTI26,1503,Norwegian Refugee Council,NGOs,"Camp Coordination / Management,Education,Emergency Shelter and NFI,Protection",HTI,,,,2026,2026,financial,Standard,Traditional aid,incoming,single,paid,2026-03-03,,,3797841,NOK,9.468,380362,QZA-25/0010-56	QZA-25/0010,2026-03-03,2026-03-03
2026-03-03,2026,"Flyktninghjelpen/NRC in Haiti works to ensure that people affected by displacement and at risk of displacement due to escalating gang violence, fragmented control and checkpoints, and the collapse of basic services have access to timely, quality, inclusive, and relevant humanitarian assistance through a protection-enhancing approach. NRC provides lifesaving and protection-centred assistance through integrated programming. Sectors include Information, counselling and legal assistance (ICLA) and Protection from violence (PfV).The project design is informed by a gender analysis, and all indicators are disaggregated by sex.",267416,"Norway, Government of",Governments,NOR,2026,2026,Haiti Besoins Humanitaires et Plan de Réponse 2026,HHTI26,1503,Norwegian Refugee Council,NGOs,Protection,HTI,,,,2026,2026,financial,Standard,Traditional aid,incoming,single,paid,2026-03-03,,,2531894,NOK,9.468,380363,QZA-25/0010-57	QZA-25/0010,2026-03-03,2026-03-03
2026-02-27,,WFP's operations in Haiti,2361275,"Finland, Government of",Governments,FIN,2026,2026,Haiti Besoins Humanitaires et Plan de Réponse 2026,HHTI26,1503,World Food Programme,Multilateral Organizations,,HTI,,,,2026,2026,financial,Standard,Traditional aid,incoming,single,pledge,2026-02-27,,,2000000,EUR,0.847,380205,,2026-02-27,2026-02-27
2026-02-26,,"HAC-HAITI	
Emergency Education response to Hurricane Melissa-Haiti",65868,UNICEF National Committee/Spain,Private Organizations,,2026,2026,Haiti Besoins Humanitaires et Plan de Réponse 2026,HHTI26,1503,United Nations Children's Fund,Multilateral Organizations,Education,HTI,,,,2026,2026,financial,Pass through,Traditional aid,incoming,single,paid,2026-02-26,2026-02-01,Hurricane,55000,EUR,0.835,379933,SM260041,2026-02-26,2026-02-26
2026-02-26,,"Coordination and Support Services
Mobility tracking",100000,"Haiti, Government of",Governments,HTI,2025,2025,Haiti Besoins Humanitaires et Plan de Réponse 2026,HHTI26,1503,International Organization for Migration,Multilateral Organizations,Coordination and support services,HTI,,,,2026,2026,financial,Standard,Traditional aid,incoming,single,paid,2026-02-24,2024-05-01,,,,,379962,HA-J0005/FAES/ED-CF-04/25 HHTI25,2026-02-26,2026-02-26
2026-02-26,,Water Sanitation Hygiene	WASH activities,489627,United States Department of State,Governments,USA,2025,2025,Haiti Besoins Humanitaires et Plan de Réponse 2026,HHTI26,1503,International Organization for Migration,Multilateral Organizations,Water Sanitation Hygiene,HTI,,,,2026,2026,financial,Standard,Traditional aid,incoming,single,paid,2026-02-24,2024-05-01,,,,,379964,SPRMCO26GR0020,2026-02-26,2026-02-26
2026-02-26,,Emergency Shelter and NFI	Shelter rehabilitation and CFW,489627,United States Department of State,Governments,USA,2025,2025,Haiti Besoins Humanitaires et Plan de Réponse 2026,HHTI26,1503,International Organization for Migration,Multilateral Organizations,Emergency Shelter and NFI,HTI,,,,2026,2026,financial,Standard,Traditional aid,incoming,single,paid,2026-02-24,2024-05-01,,,,,379966,SPRMCO26GR0020,2026-02-26,2026-02-26
2026-02-26,,"Protection	Provide protection activities, AAP, MHPSS",343196,United States Department of State,Governments,USA,2025,2025,Haiti Besoins Humanitaires et Plan de Réponse 2026,HHTI26,1503,International Organization for Migration,Multilateral Organizations,Protection,HTI,,,,2026,2026,financial,Standard,Traditional aid,incoming,single,paid,2026-02-24,2024-05-01,,,,,379968,SPRMCO26GR0020,2026-02-26,2026-02-26
2026-02-26,,"Emergency Shelter and NFI	NFI, including Cleaning kits",343196,United States Department of State,Governments,USA,2025,2025,Haiti Besoins Humanitaires et Plan de Réponse 2026,HHTI26,1503,International Organization for Migration,Multilateral Organizations,Emergency Shelter and NFI,HTI,,,,2026,2026,financial,Standard,Traditional aid,incoming,single,paid,2026-02-24,2024-05-01,,,,,379970,SPRMCO26GR0020,2026-02-26,2026-02-26
2026-02-16,2025,Appui-Protection-communautés rurales-GA,137500,"Switzerland, Government of",Governments,CHE,2026,2026,Haiti Besoins Humanitaires et Plan de Réponse 2026,HHTI26,1503,HEKS - Hilfswerk der Evangelischen Kirchen Schweiz,NGOs,Nutrition,HTI,,,,2026,2026,financial,Standard,Cash transfer programming (CTP),incoming,single,commitment,2026-02-11,2025-12-01,,110000,CHF,0.8,377743,7F-11667.01.01,2026-02-16,2026-02-25
2026-02-16,2023,REGLEAU - Renforcement de la gouvernance locale de leau et de lassainissement - HT: Services de fonds fiduciaires_2,62500,"Switzerland, Government of",Governments,CHE,2026,2026,Haiti Besoins Humanitaires et Plan de Réponse 2026,HHTI26,1503,Helvetas Swiss Intercooperation,NGOs,Early Recovery,HTI,,,,2026,2026,financial,Standard,Traditional aid,incoming,single,commitment,2026-02-11,2023-04-01,,50000,CHF,0.8,377746,7F-09609.02.01,2026-02-16,2026-02-25
2026-02-16,2024,"Amelioration protection population 1 - Coordination des actions VBG,Sud& ZMP",142206,"Switzerland, Government of",Governments,CHE,2026,2026,Haiti Besoins Humanitaires et Plan de Réponse 2026,HHTI26,1503,United Nations Population Fund,Multilateral Organizations,Protection,HTI,,,,2026,2026,financial,Standard,Traditional aid,incoming,single,commitment,2026-02-11,2024-02-01,,113765,CHF,0.800001,377775,7F-11250.01.05,2026-02-16,2026-02-18
2026-02-16,2024,"Programme d'Appui à la Promotion et à la - PROMES II, Contribution PAM",250000,"Switzerland, Government of",Governments,CHE,2026,2026,,,,World Food Programme,Multilateral Organizations,,HTI,,,,2026,2026,financial,Parked,Traditional aid,incoming,single,commitment,2026-02-11,2024-08-01,,200000,CHF,0.8,377782,7F-10322.02.01,2026-02-16,2026-03-27
2026-02-16,2024,INSO Support humanitari. actors security - HT:INSO_Contribution a INSO,118750,"Switzerland, Government of",Governments,CHE,2026,2026,Haiti Besoins Humanitaires et Plan de Réponse 2026,HHTI26,1503,International NGOs (Confidential),NGOs,Protection,HTI,,,,2026,2026,financial,Standard,Traditional aid,incoming,single,commitment,2026-02-11,2024-08-12,,95000,CHF,0.8,377785,7F-11431.01.01,2026-02-16,2026-02-16
2026-02-16,2024,Amelioration protection population 1 - Supportonsl'accès desfemmes aux services,294345,"Switzerland, Government of",Governments,CHE,2026,2026,Haiti Besoins Humanitaires et Plan de Réponse 2026,HHTI26,1503,International NGOs (Confidential),NGOs,Protection,HTI,,,,2026,2026,financial,Standard,Traditional aid,incoming,single,commitment,2026-02-11,2024-02-01,,235476,CHF,0.8,377790,7F-11250.01.02,2026-02-16,2026-02-16
2026-02-16,2025,HT: Small-Project Credit Line - HT: Réponse intégrée Urgence-PDI,25000,"Switzerland, Government of",Governments,CHE,2026,2026,Haiti Besoins Humanitaires et Plan de Réponse 2026,HHTI26,1503,International NGOs (Confidential),NGOs,Protection,HTI,,,,2026,2026,financial,Standard,Cash transfer programming (CTP),incoming,single,commitment,2026-02-11,2025-05-15,,20000,CHF,0.8,377791,7F-05289.09.01,2026-02-16,2026-02-16
2026-02-16,2025,HT: Small-Project Credit Line - HT: Assistance aux déplacés Int. à PAP,42892,"Switzerland, Government of",Governments,CHE,2026,2026,Haiti Besoins Humanitaires et Plan de Réponse 2026,HHTI26,1503,National NGOs (Confidential),NGOs,Protection,HTI,,,,2026,2026,financial,Standard,Cash transfer programming (CTP),incoming,single,commitment,2026-02-11,2025-05-15,,34314,CHF,0.800009,377798,7F-05289.09.02,2026-02-16,2026-02-16
2026-02-16,2024,Amelioration protection population 1 - Protectiondes Femmes & Filles auSud d'HT,137674,"Switzerland, Government of",Governments,CHE,2026,2026,,,,"Switzerland, Government of",Governments,Protection,HTI,,,,2026,2026,financial,Standard,Traditional aid,incoming,single,commitment,2026-02-11,2024-02-01,,110139,CHF,0.799999,377803,7F-11250.01.03,2026-02-16,2026-02-18
2026-02-16,2023,Haiti Petites actions 2023-2025 - HT: Protection&Prise en charge survivant,5844,"Switzerland, Government of",Governments,CHE,2026,2026,,,,"Switzerland, Government of",Governments,Protection,HTI,,,,2026,2026,financial,Standard,Cash transfer programming (CTP),incoming,single,commitment,2026-02-11,2023-07-01,,4675,CHF,0.799966,377804,7F-05289.08.08,2026-02-16,2026-02-18
2026-02-04,2026,"Providing humanitarian aid to vulnerable people affected by disasters induced by natural hazards, human-induced crises or exceptional situations or circumstances comparable to these, which have entailed or are likely to continue entailing major loss of life, physical and psychological or social suffering or material damage",23000000,European Commission's Humanitarian Aid and Civil Protection Department,Multilateral Organizations,,2026,2026,Haiti Besoins Humanitaires et Plan de Réponse 2026,HHTI26,1503,,,,HTI,,,,2026,2026,financial,Standard,Traditional aid,incoming,single,pledge,2026-02-04,,,,,,376034,ECHO/-AM/BUD/2026/91000,2026-02-04,2026-02-04
2026-01-29,2025,"France, Government of",0,"France, Government of",Governments,FRA,2025,2025,,,,International Organization for Migration,Multilateral Organizations,,HTI,,,,2025,2026,financial,Parked,Traditional aid,incoming,shared,paid,2025-07-04,2025-05-15,,0,EUR,0.897,357592,N/A,2026-01-29,2026-02-03
2026-01-18,,Unearmarked,0,"United States of America, Government of",Governments,USA,2024,2024,,,,Associazione Volontari per il Servizio Internazionale,NGOs,Food Security,HTI,,,,2024,2026,financial,Parked,Cash transfer programming (CTP),incoming,shared,paid,2026-01-05,2024-07-15,"Multiyear,USAID/BHA",,,,373988,720BHA24GR00220,2026-01-18,2026-02-03
2026-01-18,,Unearmarked,1210393,"United States of America, Government of",Governments,USA,2024,2024,Haiti Besoins Humanitaires et Plan de Réponse 2026,HHTI26,1503,Associazione Volontari per il Servizio Internazionale,NGOs,Food Security,HTI,,,,2026,2026,financial,Parked,Cash transfer programming (CTP),incoming,single,paid,2026-01-05,2024-07-15,"Multiyear,USAID/BHA",,,,373990,720BHA24GR00220,2026-01-18,2026-02-03
2026-01-14,2024,"Réponse médicale d’urgence pour renforcer l’accès aux soins dans les communes de Cité Soleil, Port-au-Prince et Delmas et la prise en charge en réadaptation des patients victimes de trauma dans la commune de Carrefour, dans la zone métropolitaine de Port-au-Prince en Haïti",1654,European Commission's Humanitarian Aid and Civil Protection Department,Multilateral Organizations,,2024,2024,Haiti Besoins Humanitaires et Plan de Réponse 2026,HHTI26,1503,Alliance for International Medical Action,NGOs,Health,HTI,,,,2026,2026,financial,Standard,Cash transfer programming (CTP),incoming,single,commitment,2025-07-02,2024-12-10,,1568,EUR,0.948,353187,ECHO/-AM/BUD/2024/91012,2026-01-27,2026-02-03
2026-01-14,2024,"Réponse médicale d’urgence pour renforcer l’accès aux soins dans les communes de Cité Soleil, Port-au-Prince et Delmas et la prise en charge en réadaptation des patients victimes de trauma dans la commune de Carrefour, dans la zone métropolitaine de Port-au-Prince en Haïti",241112,European Commission's Humanitarian Aid and Civil Protection Department,Multilateral Organizations,,2024,2024,Haiti Besoins Humanitaires et Plan de Réponse 2026,HHTI26,1503,Alliance for International Medical Action,NGOs,Health,HTI,,,,2026,2026,financial,Standard,Traditional aid,incoming,single,commitment,2025-07-02,2024-12-10,,228574,EUR,0.948,353192,ECHO/-AM/BUD/2024/91012,2026-01-27,2026-02-03
2026-01-14,2024,"Réponse médicale d’urgence pour renforcer l’accès aux soins dans les communes de Cité Soleil, Port-au-Prince et Delmas et la prise en charge en réadaptation des patients victimes de trauma dans la commune de Carrefour, dans la zone métropolitaine de Port-au-Prince en Haïti",6904,European Commission's Humanitarian Aid and Civil Protection Department,Multilateral Organizations,,2024,2024,Haiti Besoins Humanitaires et Plan de Réponse 2026,HHTI26,1503,Alliance for International Medical Action,NGOs,Nutrition,HTI,,,,2026,2026,financial,Standard,Traditional aid,incoming,single,commitment,2025-07-02,2024-12-10,,6545,EUR,0.948,353193,ECHO/-AM/BUD/2024/91012,2026-01-27,2026-02-03
2026-01-12,2025,"Humanitarian response for displaced persons with an intersectional approach to food security, nutrition and protection in Haiti",1080662,"Spain, Government of",Governments,ESP,2025,2025,Haiti Besoins Humanitaires et Plan de Réponse 2026,HHTI26,1503,Caritas Spain,NGOs,Multipurpose Cash,HTI,,,,2026,2026,financial,Standard,Cash transfer programming (CTP),incoming,single,paid,2026-01-12,2025-11-11,,933692,EUR,0.864,373420,Z01/25/H1/00000,2026-01-12,2026-02-03
2026-01-12,2025,"Improving food security, livelihoods and resilience of displaced and indigenous households affected by the crisis in Anse à Pitres",1080662,"Spain, Government of",Governments,ESP,2025,2025,Haiti Besoins Humanitaires et Plan de Réponse 2026,HHTI26,1503,"Fundación Alianza por Los Derechos, la Igualdad y  la Solidaridad Internacional",NGOs,Food Security,HTI,,,,2026,2026,financial,Standard,Traditional aid,incoming,single,paid,2026-01-12,2025-11-11,,933692,EUR,0.864,373431,Z01/25/H1/00000,2026-01-12,2026-02-03
2025-12-18,2025,"Réponse humanitaire multisectorielle intégrée pour les populations déplacées et communautés hôtes en zone métropolitaine de Port-au-Prince, Haïti",239831,European Commission's Humanitarian Aid and Civil Protection Department,Multilateral Organizations,,2025,2025,Haiti Besoins Humanitaires et Plan de Réponse 2026,HHTI26,1503,Norwegian Refugee Council,NGOs,Education,HTI,,,,2026,2026,financial,Standard,Traditional aid,incoming,single,commitment,2025-12-16,2025-12-09,,123790,EUR,0.88,354088,ECHO/-AM/BUD/2025/91018,2025-12-18,2026-02-03
2025-11-18,2025,Flexible humanitarian funding from Save the Children International's Humanitarian Fund,228095,Save the Children,NGOs,,2025,2025,Haiti Besoins Humanitaires et Plan de Réponse 2026,HHTI26,1503,Save the Children,NGOs,Education,HTI,,,,2026,2026,financial,Pass through,Traditional aid,incoming,single,commitment,2025-11-14,2025-04-02,,,,,368105,99701382,2026-02-24,2026-02-24
2025-11-18,2025,Flexible humanitarian funding from Save the Children International's Humanitarian Fund,50890,Save the Children,NGOs,,2025,2025,Haiti Besoins Humanitaires et Plan de Réponse 2026,HHTI26,1503,Save the Children,NGOs,Protection,HTI,,,,2026,2026,financial,Pass through,Traditional aid,incoming,single,commitment,2025-11-14,2025-04-02,,,,,368106,99701382,2026-02-24,2026-02-24
2025-11-18,2025,Flexible humanitarian funding from Save the Children International's Humanitarian Fund,40441,Save the Children,NGOs,,2025,2025,Haiti Besoins Humanitaires et Plan de Réponse 2026,HHTI26,1503,Save the Children,NGOs,"Health,Nutrition",HTI,,,,2026,2026,financial,Pass through,Traditional aid,incoming,single,commitment,2025-11-14,2025-04-02,,,,,368109,99701382,2026-02-24,2026-02-24
2025-11-18,2025,Flexible humanitarian funding from Save the Children International's Humanitarian Fund,61458,Save the Children,NGOs,,2025,2025,Haiti Besoins Humanitaires et Plan de Réponse 2026,HHTI26,1503,Save the Children,NGOs,,HTI,,,,2026,2026,financial,Pass through,Traditional aid,incoming,single,commitment,2025-11-14,2025-04-02,,,,,368110,99701382,2026-02-24,2026-02-24
2025-11-18,2025,Flexible humanitarian funding from Save the Children International's Humanitarian Fund,14487,Save the Children,NGOs,,2025,2025,Haiti Besoins Humanitaires et Plan de Réponse 2026,HHTI26,1503,Save the Children,NGOs,,HTI,,,,2026,2026,financial,Pass through,Traditional aid,incoming,single,commitment,2025-11-14,2025-04-02,,,,,368113,99701382,2026-02-24,2026-02-24
2025-10-30,,Humanitarian,1200000,"Korea, Republic of, Government of",Governments,KOR,2024,2024,Haiti Besoins Humanitaires et Plan de Réponse 2026,HHTI26,1503,United Nations Development Programme,Multilateral Organizations,,HTI,,,,2026,2026,financial,Standard,Traditional aid,incoming,single,commitment,2025-10-11,2024-12-06,,,,,365514,810-334205705 01005008,2025-10-30,2026-01-02
2025-09-18,2025,INSO Haiti + Colombia,165426,European Commission's Humanitarian Aid and Civil Protection Department,Multilateral Organizations,,2025,2025,Haiti Besoins Humanitaires et Plan de Réponse 2026,HHTI26,1503,International NGO Safety Organisation,NGOs,Coordination and support services,HTI,,,,2026,2026,financial,Standard,Traditional aid,incoming,single,commitment,2025-08-12,2025-07-22,,141605,EUR,0.877,354675,ECHO/-AM/BUD/2025/91031,2025-09-18,2026-02-03
2025-09-18,2025,Réponse d'urgence multisectorielle intégrée pour les communautés vulnérables de la zone métropolitaine de Port-au-Prince,22737,European Commission's Humanitarian Aid and Civil Protection Department,Multilateral Organizations,,2025,2025,Haiti Besoins Humanitaires et Plan de Réponse 2026,HHTI26,1503,Associazione Volontari per il Servizio Internazionale,NGOs,Nutrition,HTI,,,,2026,2026,financial,Standard,Cash transfer programming (CTP),incoming,single,commitment,2025-08-12,2025-08-08,,19827,EUR,0.877,354803,ECHO/-AM/BUD/2025/91025,2025-09-18,2026-02-03
2025-09-18,2025,Réponse d'urgence multisectorielle intégrée pour les communautés vulnérables de la zone métropolitaine de Port-au-Prince,164634,European Commission's Humanitarian Aid and Civil Protection Department,Multilateral Organizations,,2025,2025,Haiti Besoins Humanitaires et Plan de Réponse 2026,HHTI26,1503,Associazione Volontari per il Servizio Internazionale,NGOs,Protection,HTI,,,,2026,2026,financial,Standard,Cash transfer programming (CTP),incoming,single,commitment,2025-08-12,2025-08-08,,143561,EUR,0.877,354804,ECHO/-AM/BUD/2025/91025,2025-09-18,2026-02-03
2025-09-18,2025,Réponse d'urgence multisectorielle intégrée pour les communautés vulnérables de la zone métropolitaine de Port-au-Prince,186708,European Commission's Humanitarian Aid and Civil Protection Department,Multilateral Organizations,,2025,2025,Haiti Besoins Humanitaires et Plan de Réponse 2026,HHTI26,1503,Associazione Volontari per il Servizio Internazionale,NGOs,Nutrition,HTI,,,,2026,2026,financial,Standard,Traditional aid,incoming,single,commitment,2025-08-12,2025-08-08,,162809,EUR,0.877,354807,ECHO/-AM/BUD/2025/91025,2025-09-18,2026-02-03
2025-09-18,2025,Réponse d'urgence multisectorielle intégrée pour les communautés vulnérables de la zone métropolitaine de Port-au-Prince,327213,European Commission's Humanitarian Aid and Civil Protection Department,Multilateral Organizations,,2025,2025,Haiti Besoins Humanitaires et Plan de Réponse 2026,HHTI26,1503,Associazione Volontari per il Servizio Internazionale,NGOs,Protection,HTI,,,,2026,2026,financial,Standard,Traditional aid,incoming,single,commitment,2025-08-12,2025-08-08,,285330,EUR,0.877,354808,ECHO/-AM/BUD/2025/91025,2025-09-18,2026-02-03
2025-09-18,2025,"Amélioration de l'accès aux services de Protection et d’'Eau, Hygiène et Assainissement pour les personnes déplacées et les communautés hôtes de la Zone Métropolitaine de Port-au-Prince affectées par la multiplicité des crises",370,European Commission's Humanitarian Aid and Civil Protection Department,Multilateral Organizations,,2025,2025,Haiti Besoins Humanitaires et Plan de Réponse 2026,HHTI26,1503,Solidarités International,NGOs,Protection,HTI,,,,2026,2026,financial,Standard,Cash transfer programming (CTP),incoming,single,commitment,2025-08-12,2025-07-30,,317,EUR,0.877,354909,ECHO/-AM/BUD/2024/91007,2025-09-18,2026-02-03
2025-09-18,2025,"Amélioration de l'accès aux services de Protection et d’'Eau, Hygiène et Assainissement pour les personnes déplacées et les communautés hôtes de la Zone Métropolitaine de Port-au-Prince affectées par la multiplicité des crises",32150,European Commission's Humanitarian Aid and Civil Protection Department,Multilateral Organizations,,2025,2025,Haiti Besoins Humanitaires et Plan de Réponse 2026,HHTI26,1503,Solidarités International,NGOs,,HTI,,,,2026,2026,financial,Standard,Traditional aid,incoming,single,commitment,2025-08-12,2025-07-30,,27520,EUR,0.877,354913,ECHO/-AM/BUD/2024/91007,2025-09-18,2026-02-03
2025-09-18,2025,"Amélioration de l'accès aux services de Protection et d’'Eau, Hygiène et Assainissement pour les personnes déplacées et les communautés hôtes de la Zone Métropolitaine de Port-au-Prince affectées par la multiplicité des crises",35880,European Commission's Humanitarian Aid and Civil Protection Department,Multilateral Organizations,,2025,2025,Haiti Besoins Humanitaires et Plan de Réponse 2026,HHTI26,1503,Solidarités International,NGOs,Protection,HTI,,,,2026,2026,financial,Standard,Traditional aid,incoming,single,commitment,2025-08-12,2025-07-30,,30713,EUR,0.877,354914,ECHO/-AM/BUD/2024/91007,2025-09-18,2026-02-03
2025-09-18,2025,"Amélioration de l'accès aux services de Protection et d’'Eau, Hygiène et Assainissement pour les personnes déplacées et les communautés hôtes de la Zone Métropolitaine de Port-au-Prince affectées par la multiplicité des crises",741616,European Commission's Humanitarian Aid and Civil Protection Department,Multilateral Organizations,,2025,2025,Haiti Besoins Humanitaires et Plan de Réponse 2026,HHTI26,1503,Solidarités International,NGOs,Water Sanitation Hygiene,HTI,,,,2026,2026,financial,Standard,Traditional aid,incoming,single,commitment,2025-08-12,2025-07-30,,634823,EUR,0.877,354915,ECHO/-AM/BUD/2024/91007,2025-09-18,2026-02-03
2025-09-18,2025,"Projet de veille, coordination et réponse humanitaire multisectorielle au travers d’un mécanisme de réponse rapide (RRM) visant à couvrir les besoins des populations vulnérables affectés par la crise humanitaire en Haïti.",15794,European Commission's Humanitarian Aid and Civil Protection Department,Multilateral Organizations,,2025,2025,Haiti Besoins Humanitaires et Plan de Réponse 2026,HHTI26,1503,Agency for Technical Cooperation and Development,NGOs,,HTI,,,,2026,2026,financial,Standard,Cash transfer programming (CTP),incoming,single,commitment,2025-08-12,2025-08-06,,13772,EUR,0.897,355451,ECHO/-AM/BUD/2025/91038,2025-09-18,2026-02-03
2025-09-18,2025,"Projet de veille, coordination et réponse humanitaire multisectorielle au travers d’un mécanisme de réponse rapide (RRM) visant à couvrir les besoins des populations vulnérables affectés par la crise humanitaire en Haïti.",421519,European Commission's Humanitarian Aid and Civil Protection Department,Multilateral Organizations,,2025,2025,Haiti Besoins Humanitaires et Plan de Réponse 2026,HHTI26,1503,Agency for Technical Cooperation and Development,NGOs,Multipurpose Cash,HTI,,,,2026,2026,financial,Standard,Cash transfer programming (CTP),incoming,single,commitment,2025-08-12,2025-08-06,,367565,EUR,0.897,355452,ECHO/-AM/BUD/2025/91038,2025-09-18,2026-02-03
2025-09-18,2025,"Projet de veille, coordination et réponse humanitaire multisectorielle au travers d’un mécanisme de réponse rapide (RRM) visant à couvrir les besoins des populations vulnérables affectés par la crise humanitaire en Haïti.",226946,European Commission's Humanitarian Aid and Civil Protection Department,Multilateral Organizations,,2025,2025,Haiti Besoins Humanitaires et Plan de Réponse 2026,HHTI26,1503,Agency for Technical Cooperation and Development,NGOs,Coordination and support services,HTI,,,,2026,2026,financial,Standard,Traditional aid,incoming,single,commitment,2025-08-12,2025-08-06,,197897,EUR,0.897,355457,ECHO/-AM/BUD/2025/91038,2025-09-18,2026-02-03
2025-09-18,2025,"Projet de veille, coordination et réponse humanitaire multisectorielle au travers d’un mécanisme de réponse rapide (RRM) visant à couvrir les besoins des populations vulnérables affectés par la crise humanitaire en Haïti.",4619,European Commission's Humanitarian Aid and Civil Protection Department,Multilateral Organizations,,2025,2025,Haiti Besoins Humanitaires et Plan de Réponse 2026,HHTI26,1503,Agency for Technical Cooperation and Development,NGOs,,HTI,,,,2026,2026,financial,Standard,Traditional aid,incoming,single,commitment,2025-08-12,2025-08-06,,4028,EUR,0.897,355458,ECHO/-AM/BUD/2025/91038,2025-09-18,2026-02-03
2025-09-18,2025,"Projet de veille, coordination et réponse humanitaire multisectorielle au travers d’un mécanisme de réponse rapide (RRM) visant à couvrir les besoins des populations vulnérables affectés par la crise humanitaire en Haïti.",496389,European Commission's Humanitarian Aid and Civil Protection Department,Multilateral Organizations,,2025,2025,Haiti Besoins Humanitaires et Plan de Réponse 2026,HHTI26,1503,Agency for Technical Cooperation and Development,NGOs,Multipurpose Cash,HTI,,,,2026,2026,financial,Standard,Cash transfer programming (CTP),incoming,single,commitment,2025-08-12,2025-08-06,,432851,EUR,0.897,355459,ECHO/-AM/BUD/2025/91038,2025-09-18,2026-02-03
2025-09-18,2025,"Projet de veille, coordination et réponse humanitaire multisectorielle au travers d’un mécanisme de réponse rapide (RRM) visant à couvrir les besoins des populations vulnérables affectés par la crise humanitaire en Haïti.",204971,European Commission's Humanitarian Aid and Civil Protection Department,Multilateral Organizations,,2025,2025,Haiti Besoins Humanitaires et Plan de Réponse 2026,HHTI26,1503,Agency for Technical Cooperation and Development,NGOs,Protection,HTI,,,,2026,2026,financial,Standard,Traditional aid,incoming,single,commitment,2025-08-12,2025-08-06,,178735,EUR,0.897,355460,ECHO/-AM/BUD/2025/91038,2025-09-18,2026-02-03
2025-09-18,2025,Providing quality education in emergency services to the most vulnerable and at risk children and adolescents in contexts of violence in Haiti.,36151,European Commission's Humanitarian Aid and Civil Protection Department,Multilateral Organizations,,2025,2025,Haiti Besoins Humanitaires et Plan de Réponse 2026,HHTI26,1503,Save the Children,NGOs,Protection,HTI,,,,2026,2026,financial,Standard,Traditional aid,incoming,single,commitment,2025-08-12,2025-08-02,,31524,EUR,0.872,361888,ECHO/-AM/BUD/2024/91005,2025-09-18,2026-02-03
2025-09-18,2025,Providing quality education in emergency services to the most vulnerable and at risk children and adolescents in contexts of violence in Haiti.,364595,European Commission's Humanitarian Aid and Civil Protection Department,Multilateral Organizations,,2025,2025,Haiti Besoins Humanitaires et Plan de Réponse 2026,HHTI26,1503,Save the Children,NGOs,Education,HTI,,,,2026,2026,financial,Standard,Traditional aid,incoming,single,commitment,2025-08-12,2025-08-02,,317927,EUR,0.872,361890,ECHO/-AM/BUD/2024/91005,2025-09-18,2026-02-03
2025-08-27,2024,Adopting a Comprehensive Approach to Addressing the Critical Humanitarian and Protection Needs of Displaced Populations in Haiti,0,European Commission's Humanitarian Aid and Civil Protection Department,Multilateral Organizations,,2024,2024,,,,International Organization for Migration,Multilateral Organizations,,HTI,,,,2024,2026,financial,Parked,Traditional aid,incoming,shared,commitment,2025-07-02,2024-10-29,Multiyear,17018,EUR,0.914,359721,ECHO/-AM/BUD/2024/91017,2025-08-27,2026-02-03
2025-08-26,2025,Assistance alimentaire pour les personnes plus vulnérables en insécurité alimentaire aigue et préparation à la sécheresse des communautés rurales et déplacées du Sud-Est d'Haïti.,159632,European Commission's Humanitarian Aid and Civil Protection Department,Multilateral Organizations,,2025,2025,Haiti Besoins Humanitaires et Plan de Réponse 2026,HHTI26,1503,Food and Agriculture Organization of the United Nations,Multilateral Organizations,Food Security,HTI,,,,2026,2026,financial,Standard,Cash transfer programming (CTP),incoming,single,commitment,2025-07-02,2025-05-28,,143190,EUR,0.897,357773,ECHO/-AM/BUD/2025/91030,2025-08-26,2026-02-03
2025-08-26,2025,Assistance alimentaire pour les personnes plus vulnérables en insécurité alimentaire aigue et préparation à la sécheresse des communautés rurales et déplacées du Sud-Est d'Haïti.,766346,European Commission's Humanitarian Aid and Civil Protection Department,Multilateral Organizations,,2025,2025,Haiti Besoins Humanitaires et Plan de Réponse 2026,HHTI26,1503,Food and Agriculture Organization of the United Nations,Multilateral Organizations,Food Security,HTI,,,,2026,2026,financial,Standard,Traditional aid,incoming,single,commitment,2025-07-02,2025-05-28,,687412,EUR,0.897,357774,ECHO/-AM/BUD/2025/91030,2025-08-26,2026-02-03
2025-08-26,2024,"Emergency Shelter and NFI 
Rental subsidies, sites improvements  
Disaster Risk Reduction (DRR)
------ USAID / BHA",394518,"United States of America, Government of",Governments,USA,2024,2024,Haiti Besoins Humanitaires et Plan de Réponse 2026,HHTI26,1503,International Organization for Migration,Multilateral Organizations,Emergency Shelter and NFI,HTI,,,,2026,2026,financial,Standard,Traditional aid,incoming,single,paid,2025-08-26,,USAID/BHA,,,,358140,720BHA23IO00068 	HHTI25,2025-09-09,2026-02-03
2025-08-26,2025,"Emergency Shelter and NFI 
Rental subsidies, sites improvements  
Disaster Risk Reduction (DRR)
------ USAID / BHA",681520,"United States of America, Government of",Governments,USA,2025,2025,Haiti Besoins Humanitaires et Plan de Réponse 2026,HHTI26,1503,International Organization for Migration,Multilateral Organizations,Emergency Shelter and NFI,HTI,,,,2026,2026,financial,Standard,Traditional aid,incoming,single,paid,2025-08-26,,USAID/BHA,,,,358141,720BHA23IO00068 	HHTI25,2025-08-26,2026-02-03
2025-08-26,2025,"Emergency Shelter and NFI 
Rental subsidies, sites improvements  
---- CASH
------ USAID / BHA",545315,"United States of America, Government of",Governments,USA,2025,2025,Haiti Besoins Humanitaires et Plan de Réponse 2026,HHTI26,1503,International Organization for Migration,Multilateral Organizations,Emergency Shelter and NFI,HTI,,,,2026,2026,financial,Standard,Cash transfer programming (CTP),incoming,single,paid,2025-08-26,,USAID/BHA,,,,358143,720BHA23IO00068 	HHTI25,2025-08-26,2026-02-03
2025-08-26,2025,"Camp Coordination / Management
Site management and community resource centers (CRC)
------ USAID / BHA",226295,"United States of America, Government of",Governments,USA,2025,2025,Haiti Besoins Humanitaires et Plan de Réponse 2026,HHTI26,1503,International Organization for Migration,Multilateral Organizations,Camp Coordination / Management,HTI,,,,2026,2026,financial,Standard,Traditional aid,incoming,single,paid,2025-08-26,,USAID/BHA,,,,358145,720BHA23IO00068 	HHTI25,2025-08-26,2026-02-03
2025-08-26,2025,"Water Sanitation Hygiene
Water provision, sanitation improvements
------ USAID / BHA",597482,"United States of America, Government of",Governments,USA,2025,2025,Haiti Besoins Humanitaires et Plan de Réponse 2026,HHTI26,1503,International Organization for Migration,Multilateral Organizations,Water Sanitation Hygiene,HTI,,,,2026,2026,financial,Standard,Traditional aid,incoming,single,paid,2025-08-26,,USAID/BHA,,,,358147,720BHA23IO00068 	HHTI25,2025-08-26,2026-02-03
2025-08-26,2025,"Health 
Medical mobile clinics
------ USAID / BHA",243090,"United States of America, Government of",Governments,USA,2025,2025,Haiti Besoins Humanitaires et Plan de Réponse 2026,HHTI26,1503,International Organization for Migration,Multilateral Organizations,Health,HTI,,,,2026,2026,financial,Standard,Traditional aid,incoming,single,paid,2025-08-26,,USAID/BHA,,,,358149,720BHA23IO00068 	HHTI25,2025-08-26,2026-02-03
2025-08-26,2025,"Coordination and Support Services
Mobility tracking DTM rounds, MSNA
------ USAID / BHA",730496,"United States of America, Government of",Governments,USA,2025,2025,Haiti Besoins Humanitaires et Plan de Réponse 2026,HHTI26,1503,International Organization for Migration,Multilateral Organizations,Coordination and support services,HTI,,,,2026,2026,financial,Standard,Traditional aid,incoming,single,paid,2025-08-26,,USAID/BHA,,,,358151,720BHA23IO00068 	HHTI25,2025-08-26,2026-02-03
2025-08-26,2025,"Protection - Gender-Based Violence
MHPSS and GBV
------ USAID / BHA",225803,"United States of America, Government of",Governments,USA,2025,2025,Haiti Besoins Humanitaires et Plan de Réponse 2026,HHTI26,1503,International Organization for Migration,Multilateral Organizations,Protection,HTI,,,,2026,2026,financial,Standard,Traditional aid,incoming,single,paid,2025-08-26,,USAID/BHA,,,,358153,720BHA23IO00068 	HHTI25,2025-08-26,2026-02-03
2025-08-26,2025,"Protection
MHPSS and community-based activities in sites and host communities",93052,"France, Government of",Governments,FRA,2025,2025,Haiti Besoins Humanitaires et Plan de Réponse 2026,HHTI26,1503,International Organization for Migration,Multilateral Organizations,Protection,HTI,,,,2026,2026,financial,Standard,Traditional aid,incoming,single,paid,2025-08-26,,Multiyear,83468,EUR,0.897,358157,2025-0201149	  HHTI25,2025-08-26,2026-02-03
2025-08-26,2025,"Camp Coordination / Management
Community resource centers",109209,"France, Government of",Governments,FRA,2025,2025,Haiti Besoins Humanitaires et Plan de Réponse 2026,HHTI26,1503,International Organization for Migration,Multilateral Organizations,Camp Coordination / Management,HTI,,,,2026,2026,financial,Standard,Traditional aid,incoming,single,paid,2025-08-26,,Multiyear,97960,EUR,0.897,358158,2025-0201149	  HHTI25,2025-08-26,2026-02-03
2025-08-26,2025,"Coordination and Support Services
Community resource centers",76446,"France, Government of",Governments,FRA,2025,2025,Haiti Besoins Humanitaires et Plan de Réponse 2026,HHTI26,1503,International Organization for Migration,Multilateral Organizations,Coordination and support services,HTI,,,,2026,2026,financial,Standard,Traditional aid,incoming,single,paid,2025-08-26,,Multiyear,68572,EUR,0.897,358159,2025-0201149	  HHTI25,2025-08-26,2026-02-03
2025-08-08,2024,Out of plan	HDP (development)	Project to Strengthen Agricultural Opportunities Through Training and Technological Investment (PROFIT) – Phase II,307168,"Norway, Government of",Governments,NOR,2024,2024,Haiti Besoins Humanitaires et Plan de Réponse 2026,HHTI26,1503,International Labour Organization,Multilateral Organizations,,HTI,,,,2026,2026,financial,Standard,Traditional aid,incoming,single,paid,2025-07-18,2025-08-08,Multiyear,3208370,NOK,10.445,356582,HTI/24/02/NOR,2025-08-08,2026-02-03
2025-07-29,2024,Providing quality education in emergency services to the most vulnerable and at risk children and adolescents in contexts of violence in Haiti.,221229,European Commission's Humanitarian Aid and Civil Protection Department,Multilateral Organizations,,2024,2024,Haiti Besoins Humanitaires et Plan de Réponse 2026,HHTI26,1503,Save the Children,NGOs,Education,HTI,,,,2026,2026,financial,Standard,Traditional aid,incoming,single,commitment,2025-07-02,2024-05-14,,206849,EUR,0.935,350485,ECHO/-AM/BUD/2024/91005,2025-07-29,2026-02-03
2025-07-29,2025,"Renforcement des capacités locales et communautaires pour le système d’alerte précoce, la préparation et la réponse rapide aux risques multiples et interdépendants, en Haïti.",568182,European Commission's Humanitarian Aid and Civil Protection Department,Multilateral Organizations,,2025,2025,Haiti Besoins Humanitaires et Plan de Réponse 2026,HHTI26,1503,Cooperazione Internazionale - COOPI,NGOs,,HTI,,,,2026,2026,financial,Standard,Traditional aid,incoming,single,commitment,2025-07-02,2025-04-17,,500000,EUR,0.88,354074,ECHO/-AM/BUD/2025/91012,2025-07-29,2026-02-03
2025-07-29,2025,"Binational Emergency Response: Ensuring immediate access to child protection and education services for children, adolescents, and their families impacted by violence and migration measures in the Dominican Republic and Haiti",34448,European Commission's Humanitarian Aid and Civil Protection Department,Multilateral Organizations,,2025,2025,Haiti Besoins Humanitaires et Plan de Réponse 2026,HHTI26,1503,Plan International,NGOs,Education,HTI,,,,2026,2026,financial,Standard,Cash transfer programming (CTP),incoming,single,commitment,2025-07-02,2025-05-06,,30211,EUR,0.877,354647,ECHO/-AM/BUD/2025/91021,2025-07-29,2026-02-03
2025-07-29,2025,"Binational Emergency Response: Ensuring immediate access to child protection and education services for children, adolescents, and their families impacted by violence and migration measures in the Dominican Republic and Haiti",19765,European Commission's Humanitarian Aid and Civil Protection Department,Multilateral Organizations,,2025,2025,Haiti Besoins Humanitaires et Plan de Réponse 2026,HHTI26,1503,Plan International,NGOs,Education,HTI,,,,2026,2026,financial,Standard,Traditional aid,incoming,single,commitment,2025-07-02,2025-05-06,,17334,EUR,0.877,354652,ECHO/-AM/BUD/2025/91021,2025-07-29,2026-02-03
2025-07-29,2025,"Binational Emergency Response: Ensuring immediate access to child protection and education services for children, adolescents, and their families impacted by violence and migration measures in the Dominican Republic and Haiti",468503,European Commission's Humanitarian Aid and Civil Protection Department,Multilateral Organizations,,2025,2025,Haiti Besoins Humanitaires et Plan de Réponse 2026,HHTI26,1503,Plan International,NGOs,Education,HTI,,,,2026,2026,financial,Standard,Traditional aid,incoming,single,commitment,2025-07-02,2025-05-06,,410877,EUR,0.877,354653,ECHO/-AM/BUD/2025/91021,2025-07-29,2026-02-03
2025-07-29,2025,"Binational Emergency Response: Ensuring immediate access to child protection and education services for children, adolescents, and their families impacted by violence and migration measures in the Dominican Republic and Haiti",46811,European Commission's Humanitarian Aid and Civil Protection Department,Multilateral Organizations,,2025,2025,Haiti Besoins Humanitaires et Plan de Réponse 2026,HHTI26,1503,Plan International,NGOs,Education,HTI,,,,2026,2026,financial,Standard,Traditional aid,incoming,single,commitment,2025-07-02,2025-05-06,,41053,EUR,0.877,354654,ECHO/-AM/BUD/2025/91021,2025-07-29,2026-02-03
2025-07-09,2025,European Commission (DG-ECHO) Contribution to OCHA 2026,438407,European Commission's Humanitarian Aid and Civil Protection Department,Multilateral Organizations,,2025,2025,Haiti Besoins Humanitaires et Plan de Réponse 2026,HHTI26,1503,Office for the Coordination of Humanitarian Affairs,Multilateral Organizations,Coordination and support services,HTI,,,,2026,2026,financial,Standard,Traditional aid,incoming,single,paid,2026-02-14,2025-03-27,Multiyear,374400,EUR,0.854,377019,OCT/Global/2026/77602/OCHA(OCHA Program)/HTI/85249 ECHO/ERC/BUD/2025/91001,2026-02-14,2026-02-16
2025-06-26,2025,European Commission (DG-ECHO) Contribution to OCHA 2026,107339,European Commission's Humanitarian Aid and Civil Protection Department,Multilateral Organizations,,2025,2025,Haiti Besoins Humanitaires et Plan de Réponse 2026,HHTI26,1503,Office for the Coordination of Humanitarian Affairs,Multilateral Organizations,Coordination and support services,HTI,,,,2026,2026,financial,Standard,Traditional aid,incoming,single,commitment,2026-02-14,2025-03-27,Multiyear,93600,EUR,0.872,377051,OCT/Global/2026/77603/OCHA(OCHA Program)/HTI/85281 ECHO/ERC/BUD/2025/91001,2026-02-25,2026-02-25
2025-05-15,,Assistance alimentaire pour les personnes plus vulnérables en insécurité  alimentaire aigue et préparation à la sécheresse des communautés rurales et déplacées,179598,European Commission's Humanitarian Aid and Civil Protection Department,Multilateral Organizations,,2025,2025,Haiti Besoins Humanitaires et Plan de Réponse 2026,HHTI26,1503,Food and Agriculture Organization of the United Nations,Multilateral Organizations,Protection,HTI,,,,2026,2026,financial,Standard,Cash transfer programming (CTP),incoming,single,commitment,2025-05-12,2025-02-05,Multiyear,166667,EUR,0.928,343767,ECHO/-AM/BUD/2025/91030,2025-05-15,2026-02-03
2025-05-15,,Assistance alimentaire pour les personnes plus vulnérables en insécurité  alimentaire aigue et préparation à la sécheresse des communautés rurales et déplacées,718390,European Commission's Humanitarian Aid and Civil Protection Department,Multilateral Organizations,,2025,2025,Haiti Besoins Humanitaires et Plan de Réponse 2026,HHTI26,1503,Food and Agriculture Organization of the United Nations,Multilateral Organizations,Food Security,HTI,,,,2026,2026,financial,Standard,Traditional aid,incoming,single,commitment,2025-05-12,2025-02-05,Multiyear,666666,EUR,0.928,343768,ECHO/-AM/BUD/2025/91030,2025-05-15,2026-02-03
2025-05-08,2026,UNICEF - United Nations International Childrens Emergency Fund	Haiti	2026,1430820,"Canada, Government of",Governments,CAN,2026,2026,Haiti Besoins Humanitaires et Plan de Réponse 2026,HHTI26,1503,United Nations Children's Fund,Multilateral Organizations,Nutrition,HTI,,,,2026,2026,financial,Standard,Traditional aid,incoming,single,paid,2025-05-06,2025-04-07,,2000000,CAD,1.3978,343333,P015567,2026-03-12,2026-03-12
2025-05-08,2026,Save the Children 	Haiti		 2026,1039501,"Canada, Government of",Governments,CAN,2026,2026,Haiti Besoins Humanitaires et Plan de Réponse 2026,HHTI26,1503,Save the Children,NGOs,,HTI,,,,2026,2026,financial,Standard,Traditional aid,incoming,single,commitment,2025-05-06,2025-03-09,,1500000,CAD,1.443,343411,P015250,2025-05-08,2026-02-03
2025-05-07,2026,Haiti	2026	WFP - Multi Country - 2025		Food and Nutrition	In response to humanitarian needs,1074151,"Canada, Government of",Governments,CAN,2026,2026,Haiti Besoins Humanitaires et Plan de Réponse 2026,HHTI26,1503,World Food Programme,Multilateral Organizations,Nutrition,HTI,,,,2026,2026,financial,Standard,Traditional aid,incoming,single,commitment,2025-05-07,2025-03-09,,1550000,CAD,1.443,343208,P015659,2025-05-07,2026-02-03
2025-05-06,2026,Multisector	Multisector humanitarian response in Haiti,104676,"Canada, Government of",Governments,CAN,2026,2026,,,,International Committee of the Red Cross,Red Cross/Red Crescent Organizations,Multi-sector,HTI,,,,2026,2026,financial,Standard,Traditional aid,incoming,single,commitment,2025-05-06,2025-03-09,,150000,CAD,1.433,343039,P015656,2025-05-06,2025-05-06
2025-05-01,2025,"Canada Contribution to Haiti - Regional HF for Latin America, Caribbean (H_RHPF_LAC) 2026",108225,"Canada, Government of",Governments,CAN,2025,2025,Haiti Besoins Humanitaires et Plan de Réponse 2026,HHTI26,1503,"Haiti (Latin America, Caribbean HF)",Pooled Funds,,HTI,,,,2026,2026,financial,Standard,Traditional aid,incoming,single,commitment,2025-05-03,2025-05-01,,150000,CAD,1.385,342860,OCT/CAN/2026/77584/OCHA(CBPF-OCHA)/HTI/84474 Project no.: P015704 Arrangement no.: 7467454,2025-05-15,2026-04-02
2025-04-30,2025,Canada Contribution to OCHA 2026,36101,"Canada, Government of",Governments,CAN,2025,2025,Haiti Besoins Humanitaires et Plan de Réponse 2026,HHTI26,1503,Office for the Coordination of Humanitarian Affairs,Multilateral Organizations,Coordination and support services,HTI,,,,2026,2026,financial,Standard,Traditional aid,incoming,single,commitment,2025-05-03,2025-04-09,,50000,CAD,1.385,342823,OCT/CAN/2026/77620/OCHA(OCHA Program)/HTI/84613 Project no.: P015707 Arrangement no.: 7467280,2025-05-15,2026-02-03
2025-04-28,2025,"Water Sanitation Hygiene
Water trucking, latrines/showers rehabilitations, hygiene promotion",290023,European Commission's Humanitarian Aid and Civil Protection Department,Multilateral Organizations,,2024,2024,Haiti Besoins Humanitaires et Plan de Réponse 2026,HHTI26,1503,International Organization for Migration,Multilateral Organizations,Water Sanitation Hygiene,HTI,,,,2026,2026,financial,Standard,Traditional aid,incoming,single,paid,2025-04-28,2025-04-16,Multiyear,250000,EUR,0.862,358161,ECHO/-AM/BUD/2024/91017         HHTI25,2025-08-26,2026-02-03
2025-04-28,2025,"Emergency Shelter and NFI 
Purchasing and prepositioning NFIs",170978,European Commission's Humanitarian Aid and Civil Protection Department,Multilateral Organizations,,2024,2024,Haiti Besoins Humanitaires et Plan de Réponse 2026,HHTI26,1503,International Organization for Migration,Multilateral Organizations,Emergency Shelter and NFI,HTI,,,,2026,2026,financial,Standard,Traditional aid,incoming,single,paid,2025-08-26,,Multiyear,147383,EUR,0.862,358165,ECHO/-AM/BUD/2024/91017     HHTI25,2025-08-27,2026-02-03
2025-03-13,2023,Provision of protection and assistance to vulnerable Haitian women and children migrants,172119,"Canada, Government of",Governments,CAN,2023,2023,Haiti Besoins Humanitaires et Plan de Réponse 2026,HHTI26,1503,International Organization for Migration,Multilateral Organizations,Protection,HTI,,,,2026,2026,financial,Standard,Traditional aid,incoming,single,paid,2023-08-11,2023-03-30,,232877,CAD,1.353,312167,P006406,2024-05-31,2026-02-03
2025-03-13,2023,Promoting income-generating activities for vulnerable women migrants,562389,"Canada, Government of",Governments,CAN,2023,2023,Haiti Besoins Humanitaires et Plan de Réponse 2026,HHTI26,1503,International Organization for Migration,Multilateral Organizations,,HTI,,,,2026,2026,financial,Standard,Traditional aid,incoming,single,paid,2023-08-11,2023-03-30,,760912,EUR,1.353,326148,P006406,2024-10-31,2026-02-03
2024-09-06,2025,Food security in Haiti,0,"Slovenia, Government of",Governments,SVN,2024,2026,,,,World Food Programme,Multilateral Organizations,,HTI,,,,2024,2026,financial,Parked,Traditional aid,incoming,shared,commitment,2025-01-14,2024-09-06,Multiyear,0,EUR,0.908,335897,51102-8/2024/3 ,2025-01-15,2026-03-05
2024-05-31,2024,"Water Sanitation Hygiene	Water provision, sanitation improvements",486033,"United States of America, Government of",Governments,USA,2024,2024,Haiti Besoins Humanitaires et Plan de Réponse 2026,HHTI26,1503,International Organization for Migration,Multilateral Organizations,Water Sanitation Hygiene,HTI,,,,2026,2026,financial,Standard,Traditional aid,incoming,single,paid,2024-05-30,2024-02-01,BHA,,,,312191,720BHA23IO00068,2024-05-31,2026-02-03
2024-05-31,2024,"HHTI23	Emergency Shelter and NFI	DRR, site improvements, rental subsidies, NFI distribution",1502391,"United States of America, Government of",Governments,USA,2024,2024,Haiti Besoins Humanitaires et Plan de Réponse 2026,HHTI26,1503,International Organization for Migration,Multilateral Organizations,Emergency Shelter and NFI,HTI,,,,2026,2026,financial,Standard,Traditional aid,incoming,single,paid,2024-05-30,2024-02-01,BHA,,,,312194,720BHA23IO00068,2024-05-31,2026-02-03
2024-05-31,2024,"HHTI23	Camp Coordination / Management	Site management, capacity building",300954,"United States of America, Government of",Governments,USA,2024,2024,Haiti Besoins Humanitaires et Plan de Réponse 2026,HHTI26,1503,International Organization for Migration,Multilateral Organizations,Camp Coordination / Management,HTI,,,,2026,2026,financial,Standard,Traditional aid,incoming,single,paid,2024-05-30,2023-02-01,BHA,,,,312197,720BHA23IO00068,2024-05-31,2026-02-03
2024-05-31,,HTI23	Health	Mobile health clinics and medication,394661,"United States of America, Government of",Governments,USA,2024,2024,Haiti Besoins Humanitaires et Plan de Réponse 2026,HHTI26,1503,International Organization for Migration,Multilateral Organizations,Health,HTI,,,,2026,2026,financial,Standard,Traditional aid,incoming,single,paid,2024-05-30,2023-02-01,BHA,,,,312215,720BHA23IO00068,2024-05-31,2026-02-03
2024-05-31,,HHTI23	Coordination and Support Services,14992,"United States of America, Government of",Governments,USA,2024,2024,Haiti Besoins Humanitaires et Plan de Réponse 2026,HHTI26,1503,International Organization for Migration,Multilateral Organizations,Coordination and support services,HTI,,,,2026,2026,financial,Standard,Traditional aid,incoming,single,paid,2024-05-30,2023-02-01,BHA,,,,312220,720BHA23IO00068,2024-05-31,2026-02-03
2024-05-31,,"HHTI23	Protection	MHPSS, suicide prevention",162078,"United States of America, Government of",Governments,USA,2024,2024,Haiti Besoins Humanitaires et Plan de Réponse 2026,HHTI26,1503,International Organization for Migration,Multilateral Organizations,Protection,HTI,,,,2026,2026,financial,Standard,Traditional aid,incoming,single,paid,2024-05-30,2023-02-01,BHA,,,,312226,720BHA23IO00068,2024-05-31,2026-02-03
2024-05-23,2024,Adopting a Comprehensive Approach to Addressing the Critical Humanitarian and Protection Needs of Displaced Populations in Haiti,271621,European Commission's Humanitarian Aid and Civil Protection Department,Multilateral Organizations,,2024,2024,,,,International Organization for Migration,Multilateral Organizations,,HTI,,,,2024,2026,financial,Parked,Traditional aid,incoming,shared,commitment,2024-05-25,2024-05-23,Multiyear,277016,EUR,0.923,310814,ECHO/-AM/BUD/2024/91017,2024-10-31,2025-09-09
2024-05-23,2024,"Protection - Human Trafficking & Smuggling
Emergency assistance to deported migrants upon arrival",234906,European Commission's Humanitarian Aid and Civil Protection Department,Multilateral Organizations,,2024,2024,Haiti Besoins Humanitaires et Plan de Réponse 2026,HHTI26,1503,International Organization for Migration,Multilateral Organizations,Protection,HTI,,,,2026,2026,financial,Standard,Traditional aid,incoming,single,commitment,2024-05-25,2024-05-23,Multiyear,202489,EUR,0.862,358163,ECHO/-AM/BUD/2024/91017          HHTI25,2025-08-26,2026-02-03
2024-02-06,2024,Out of plan	HDP (development)	Project to Strengthen Agricultural Opportunities Through Training and Technological Investment (PROFIT) – Phase II,0,"Norway, Government of",Governments,NOR,2024,2024,,,,International Labour Organization,Multilateral Organizations,,HTI,,,,2024,2028,financial,Parked,Traditional aid,incoming,shared,commitment,2024-05-22,2024-02-06,Multiyear,0,NOK,10.445,310126,HTI/24/02/NOR,2024-05-22,2026-02-03
2024-01-12,2026,Education facilities&material,3113772,"Switzerland, Government of",Governments,CHE,2026,2026,Haiti Besoins Humanitaires et Plan de Réponse 2026,HHTI26,1503,Swiss Development Cooperation/Swiss Humanitarian Aid,Governments,Education,HTI,,,,2026,2026,financial,Standard,Traditional aid,incoming,single,commitment,2024-01-12,,,2600000,CHF,0.835,308322,7F-08002.07,2024-05-13,2026-02-03
2023-11-27,2026,"Colombia : Regional Protection Hub No Finan. Aid Hum. 
Actions",42269,"Switzerland, Government of",Governments,CHE,2026,2026,,,,International NGOs (Confidential),NGOs,Protection,"ARG,BOL,BRA,CHL,COL,CRI,ECU,GTM,HTI,MEX,NIC,PAN,URY,VEN",,,,2026,2026,financial,Standard,Traditional aid,incoming,shared,commitment,2023-11-27,,,38000,CHF,0.899,304427,7F-10866.01.01,2024-03-28,2024-03-28
2023-11-27,2026,"Colombia : Regional Protection Hub No Finan. Aid Hum. 
Actions",100111,"Switzerland, Government of",Governments,CHE,2026,2026,,,,International NGOs (Confidential),NGOs,Protection,"ARG,BOL,BRA,CHL,COL,CRI,ECU,GTM,HTI,MEX,NIC,PAN,URY,VEN",,,,2026,2026,financial,Standard,Traditional aid,incoming,shared,commitment,2023-11-27,,,90000,CHF,0.899,304428,7F-10866.01.01,2024-03-28,2024-03-28
2023-11-27,2026,"Colombia : Regional Protection Hub No Finan. Aid Hum. 
Actions",94549,"Switzerland, Government of",Governments,CHE,2026,2026,,,,Private (individuals & organizations),Private Organizations,Protection,"ARG,BOL,BRA,CHL,COL,CRI,ECU,GTM,HTI,MEX,NIC,PAN,URY,VEN",,,,2026,2026,financial,Standard,Traditional aid,incoming,shared,paid,2023-11-27,,,85000,CHF,0.899,304435,7F-10866.01.01,2024-03-28,2024-03-28
2023-08-22,,Resilient Agriculture Emergency for Food Security (PARSA),0,World Bank,Multilateral Organizations,,2023,2023,,,,Food and Agriculture Organization of the United Nations,Multilateral Organizations,,HTI,,,,2023,2026,financial,Parked,Traditional aid,incoming,shared,commitment,2023-08-21,,Multiyear,,,,286454,UTF/HAI/048/HAI,2023-08-22,2025-02-10
2021-03-29,,Enroll OOSC Project: Break the Cycle of Poverty,3258352,Education Above All Foundation,Governments,QAT,2021,2021,,,,BuildOn,NGOs,Education,"BFA,GTM,HTI,MLI,MWI,NPL,SEN",,,,2026,2026,financial,Standard,Traditional aid,incoming,shared,commitment,2024-06-12,2021-03-29,,,,,313405,,2024-06-20,2024-06-20
